-- StarUniv Seed Data (auto-generated by scripts/generate-seed.ts)
-- Generated: 2026-02-15T12:28:25.009Z
-- Tier version: 3.53 (2026-01-31)

BEGIN;

-- Clean existing data
DELETE FROM players;
DELETE FROM tournaments;
DELETE FROM crews;
DELETE FROM tier_versions;

-- Reset sequences
ALTER SEQUENCE players_id_seq RESTART WITH 1;
ALTER SEQUENCE crews_id_seq RESTART WITH 1;
ALTER SEQUENCE tournaments_id_seq RESTART WITH 1;
ALTER SEQUENCE tier_versions_id_seq RESTART WITH 1;

-- ─── Crews ───
INSERT INTO crews (id, name, is_active) VALUES (1, '흑카데미', true);
INSERT INTO crews (id, name, is_active) VALUES (2, 'JSA', true);
INSERT INTO crews (id, name, is_active) VALUES (3, '엠비대', true);
INSERT INTO crews (id, name, is_active) VALUES (4, '와플대', true);
INSERT INTO crews (id, name, is_active) VALUES (5, '이노대', true);
INSERT INTO crews (id, name, is_active) VALUES (6, '츠캄몬스타즈', true);
INSERT INTO crews (id, name, is_active) VALUES (7, 'BGM', true);
INSERT INTO crews (id, name, is_active) VALUES (8, 'HM', true);
INSERT INTO crews (id, name, is_active) VALUES (9, '씨나인', true);
INSERT INTO crews (id, name, is_active) VALUES (10, '정선대', true);
INSERT INTO crews (id, name, is_active) VALUES (11, '수술대', true);
INSERT INTO crews (id, name, is_active) VALUES (12, '뉴캣슬', true);
INSERT INTO crews (id, name, is_active) VALUES (13, '높지대', true);
INSERT INTO crews (id, name, is_active) VALUES (14, '케이대', true);
INSERT INTO crews (id, name, is_active) VALUES (15, '김성여대', false);
INSERT INTO crews (id, name, is_active) VALUES (16, '바스포드', false);
INSERT INTO crews (id, name, is_active) VALUES (17, '염석대', false);
INSERT INTO crews (id, name, is_active) VALUES (18, '무친대', false);
INSERT INTO crews (id, name, is_active) VALUES (19, 'CP', false);
INSERT INTO crews (id, name, is_active) VALUES (20, '점단기', false);
INSERT INTO crews (id, name, is_active) VALUES (21, 'YB', false);
INSERT INTO crews (id, name, is_active) VALUES (22, '섭이대', false);

-- ─── Players ───
INSERT INTO players (id, nickname, race, tier, gender, crew_id, is_fa, tag, status) VALUES (1, '황병영', 'T', 'God', 'M', 6, false, NULL, 'active');
INSERT INTO players (id, nickname, race, tier, gender, crew_id, is_fa, tag, status) VALUES (2, '이재호', 'T', 'God', 'M', NULL, true, NULL, 'active');
INSERT INTO players (id, nickname, race, tier, gender, crew_id, is_fa, tag, status) VALUES (3, '유영진', 'T', 'God', 'M', NULL, true, NULL, 'active');
INSERT INTO players (id, nickname, race, tier, gender, crew_id, is_fa, tag, status) VALUES (4, '이영호', 'T', 'God', 'M', 9, false, NULL, 'active');
INSERT INTO players (id, nickname, race, tier, gender, crew_id, is_fa, tag, status) VALUES (5, '조기석', 'T', 'God', 'M', 2, false, NULL, 'active');
INSERT INTO players (id, nickname, race, tier, gender, crew_id, is_fa, tag, status) VALUES (6, '이영웅', 'T', 'God', 'M', NULL, true, NULL, 'active');
INSERT INTO players (id, nickname, race, tier, gender, crew_id, is_fa, tag, status) VALUES (7, '김지성', 'T', 'God', 'M', NULL, true, NULL, 'active');
INSERT INTO players (id, nickname, race, tier, gender, crew_id, is_fa, tag, status) VALUES (8, '정영재', 'T', 'God', 'M', 14, false, NULL, 'active');
INSERT INTO players (id, nickname, race, tier, gender, crew_id, is_fa, tag, status) VALUES (9, '최호선', 'T', 'God', 'M', 8, false, NULL, 'active');
INSERT INTO players (id, nickname, race, tier, gender, crew_id, is_fa, tag, status) VALUES (10, '짭제', 'Z', 'God', 'M', 11, false, NULL, 'active');
INSERT INTO players (id, nickname, race, tier, gender, crew_id, is_fa, tag, status) VALUES (11, '홍구', 'Z', 'God', 'M', 2, false, NULL, 'active');
INSERT INTO players (id, nickname, race, tier, gender, crew_id, is_fa, tag, status) VALUES (12, '김정우', 'Z', 'God', 'M', 12, false, NULL, 'active');
INSERT INTO players (id, nickname, race, tier, gender, crew_id, is_fa, tag, status) VALUES (13, '김민철', 'Z', 'God', 'M', 9, false, NULL, 'active');
INSERT INTO players (id, nickname, race, tier, gender, crew_id, is_fa, tag, status) VALUES (14, '김명운', 'Z', 'God', 'M', NULL, true, NULL, 'active');
INSERT INTO players (id, nickname, race, tier, gender, crew_id, is_fa, tag, status) VALUES (15, '이제동', 'Z', 'God', 'M', NULL, true, NULL, 'active');
INSERT INTO players (id, nickname, race, tier, gender, crew_id, is_fa, tag, status) VALUES (16, '조일장', 'Z', 'God', 'M', 6, false, NULL, 'active');
INSERT INTO players (id, nickname, race, tier, gender, crew_id, is_fa, tag, status) VALUES (17, '김성대', 'Z', 'God', 'M', 5, false, NULL, 'active');
INSERT INTO players (id, nickname, race, tier, gender, crew_id, is_fa, tag, status) VALUES (18, '장윤철', 'P', 'God', 'M', 14, false, NULL, 'active');
INSERT INTO players (id, nickname, race, tier, gender, crew_id, is_fa, tag, status) VALUES (19, '김택용', 'P', 'God', 'M', 9, false, NULL, 'active');
INSERT INTO players (id, nickname, race, tier, gender, crew_id, is_fa, tag, status) VALUES (20, '도재욱', 'P', 'God', 'M', 12, false, NULL, 'active');
INSERT INTO players (id, nickname, race, tier, gender, crew_id, is_fa, tag, status) VALUES (21, '변현제', 'P', 'God', 'M', 5, false, NULL, 'active');
INSERT INTO players (id, nickname, race, tier, gender, crew_id, is_fa, tag, status) VALUES (22, '정윤종', 'P', 'God', 'M', NULL, false, NULL, 'active');
INSERT INTO players (id, nickname, race, tier, gender, crew_id, is_fa, tag, status) VALUES (23, '몽군', 'T', 'King', 'M', 1, false, NULL, 'active');
INSERT INTO players (id, nickname, race, tier, gender, crew_id, is_fa, tag, status) VALUES (24, '박성균', 'T', 'King', 'M', 12, false, NULL, 'active');
INSERT INTO players (id, nickname, race, tier, gender, crew_id, is_fa, tag, status) VALUES (25, '김태영', 'T', 'King', 'M', NULL, false, NULL, 'active');
INSERT INTO players (id, nickname, race, tier, gender, crew_id, is_fa, tag, status) VALUES (26, '구성훈', 'T', 'King', 'M', 5, false, NULL, 'active');
INSERT INTO players (id, nickname, race, tier, gender, crew_id, is_fa, tag, status) VALUES (27, '샤이니', 'T', 'King', 'M', 12, false, NULL, 'active');
INSERT INTO players (id, nickname, race, tier, gender, crew_id, is_fa, tag, status) VALUES (28, '김경모', 'T', 'King', 'M', NULL, false, NULL, 'active');
INSERT INTO players (id, nickname, race, tier, gender, crew_id, is_fa, tag, status) VALUES (29, '박준오', 'Z', 'King', 'M', 6, false, NULL, 'active');
INSERT INTO players (id, nickname, race, tier, gender, crew_id, is_fa, tag, status) VALUES (30, '이영한', 'Z', 'King', 'M', 3, false, NULL, 'active');
INSERT INTO players (id, nickname, race, tier, gender, crew_id, is_fa, tag, status) VALUES (31, '이예훈', 'Z', 'King', 'M', 5, false, NULL, 'active');
INSERT INTO players (id, nickname, race, tier, gender, crew_id, is_fa, tag, status) VALUES (32, '방태수', 'Z', 'King', 'M', 8, false, NULL, 'active');
INSERT INTO players (id, nickname, race, tier, gender, crew_id, is_fa, tag, status) VALUES (33, '송병구', 'P', 'King', 'M', 11, false, NULL, 'active');
INSERT INTO players (id, nickname, race, tier, gender, crew_id, is_fa, tag, status) VALUES (34, '김윤중', 'P', 'King', 'M', 9, false, NULL, 'active');
INSERT INTO players (id, nickname, race, tier, gender, crew_id, is_fa, tag, status) VALUES (35, '윤수철', 'P', 'King', 'M', 5, false, NULL, 'active');
INSERT INTO players (id, nickname, race, tier, gender, crew_id, is_fa, tag, status) VALUES (36, '박수범', 'P', 'King', 'M', 6, false, NULL, 'active');
INSERT INTO players (id, nickname, race, tier, gender, crew_id, is_fa, tag, status) VALUES (37, '윤용태', 'P', 'King', 'M', 9, false, NULL, 'active');
INSERT INTO players (id, nickname, race, tier, gender, crew_id, is_fa, tag, status) VALUES (38, '유승곤', 'P', 'King', 'M', NULL, false, NULL, 'active');
INSERT INTO players (id, nickname, race, tier, gender, crew_id, is_fa, tag, status) VALUES (39, '원선재', 'P', 'King', 'M', 10, false, NULL, 'active');
INSERT INTO players (id, nickname, race, tier, gender, crew_id, is_fa, tag, status) VALUES (40, '홍덕', 'P', 'King', 'M', 14, false, NULL, 'active');
INSERT INTO players (id, nickname, race, tier, gender, crew_id, is_fa, tag, status) VALUES (41, '신상문', 'T', 'Jack', 'M', 11, false, NULL, 'active');
INSERT INTO players (id, nickname, race, tier, gender, crew_id, is_fa, tag, status) VALUES (42, '흑운장', 'T', 'Jack', 'M', 1, false, NULL, 'active');
INSERT INTO players (id, nickname, race, tier, gender, crew_id, is_fa, tag, status) VALUES (43, '임진묵', 'T', 'Jack', 'M', 5, false, NULL, 'active');
INSERT INTO players (id, nickname, race, tier, gender, crew_id, is_fa, tag, status) VALUES (44, '지동원', 'T', 'Jack', 'M', 6, false, NULL, 'active');
INSERT INTO players (id, nickname, race, tier, gender, crew_id, is_fa, tag, status) VALUES (45, '김영진', 'T', 'Jack', 'M', 2, false, NULL, 'active');
INSERT INTO players (id, nickname, race, tier, gender, crew_id, is_fa, tag, status) VALUES (46, '정민기', 'T', 'Jack', 'M', 14, false, NULL, 'active');
INSERT INTO players (id, nickname, race, tier, gender, crew_id, is_fa, tag, status) VALUES (47, '배호딱', 'T', 'Jack', 'M', 10, false, NULL, 'active');
INSERT INTO players (id, nickname, race, tier, gender, crew_id, is_fa, tag, status) VALUES (48, '만두호성', 'Z', 'Jack', 'M', 3, false, NULL, 'active');
INSERT INTO players (id, nickname, race, tier, gender, crew_id, is_fa, tag, status) VALUES (49, '김윤환', 'Z', 'Jack', 'M', 6, false, NULL, 'active');
INSERT INTO players (id, nickname, race, tier, gender, crew_id, is_fa, tag, status) VALUES (50, '고석현', 'Z', 'Jack', 'M', 14, false, NULL, 'active');
INSERT INTO players (id, nickname, race, tier, gender, crew_id, is_fa, tag, status) VALUES (51, '이창우', 'Z', 'Jack', 'M', NULL, false, NULL, 'active');
INSERT INTO players (id, nickname, race, tier, gender, crew_id, is_fa, tag, status) VALUES (52, '박재혁', 'Z', 'Jack', 'M', 9, false, NULL, 'active');
INSERT INTO players (id, nickname, race, tier, gender, crew_id, is_fa, tag, status) VALUES (53, '어윤수', 'Z', 'Jack', 'M', 5, false, NULL, 'active');
INSERT INTO players (id, nickname, race, tier, gender, crew_id, is_fa, tag, status) VALUES (54, '배병우', 'Z', 'Jack', 'M', 2, false, NULL, 'active');
INSERT INTO players (id, nickname, race, tier, gender, crew_id, is_fa, tag, status) VALUES (55, '배성흠', 'Z', 'Jack', 'M', 6, false, NULL, 'active');
INSERT INTO players (id, nickname, race, tier, gender, crew_id, is_fa, tag, status) VALUES (56, '김병수', 'Z', 'Jack', 'M', 2, false, NULL, 'active');
INSERT INTO players (id, nickname, race, tier, gender, crew_id, is_fa, tag, status) VALUES (57, '서문지훈', 'Z', 'Jack', 'M', 11, false, NULL, 'active');
INSERT INTO players (id, nickname, race, tier, gender, crew_id, is_fa, tag, status) VALUES (58, '윤진규', 'Z', 'Jack', 'M', 9, false, NULL, 'active');
INSERT INTO players (id, nickname, race, tier, gender, crew_id, is_fa, tag, status) VALUES (59, '얍삽e', 'Z', 'Jack', 'M', NULL, false, NULL, 'active');
INSERT INTO players (id, nickname, race, tier, gender, crew_id, is_fa, tag, status) VALUES (60, '김수식', 'Z', 'Jack', 'M', 10, false, NULL, 'active');
INSERT INTO players (id, nickname, race, tier, gender, crew_id, is_fa, tag, status) VALUES (61, '염보성', 'P', 'Jack', 'M', NULL, false, NULL, 'active');
INSERT INTO players (id, nickname, race, tier, gender, crew_id, is_fa, tag, status) VALUES (62, '이경민', 'P', 'Jack', 'M', 6, false, NULL, 'active');
INSERT INTO players (id, nickname, race, tier, gender, crew_id, is_fa, tag, status) VALUES (63, '오메킴', 'P', 'Jack', 'M', NULL, false, NULL, 'active');
INSERT INTO players (id, nickname, race, tier, gender, crew_id, is_fa, tag, status) VALUES (64, '정경두', 'P', 'Jack', 'M', 10, false, NULL, 'active');
INSERT INTO players (id, nickname, race, tier, gender, crew_id, is_fa, tag, status) VALUES (65, '진영화', 'P', 'Jack', 'M', 3, false, NULL, 'active');
INSERT INTO players (id, nickname, race, tier, gender, crew_id, is_fa, tag, status) VALUES (66, '김범수', 'P', 'Jack', 'M', 5, false, NULL, 'active');
INSERT INTO players (id, nickname, race, tier, gender, crew_id, is_fa, tag, status) VALUES (67, '왜냐맨', 'P', 'Jack', 'M', 9, false, NULL, 'active');
INSERT INTO players (id, nickname, race, tier, gender, crew_id, is_fa, tag, status) VALUES (68, '권혁진', 'P', 'Jack', 'M', 10, false, NULL, 'active');
INSERT INTO players (id, nickname, race, tier, gender, crew_id, is_fa, tag, status) VALUES (69, '구라미스', 'P', 'Jack', 'M', 12, false, NULL, 'active');
INSERT INTO players (id, nickname, race, tier, gender, crew_id, is_fa, tag, status) VALUES (70, '프발', 'P', 'Jack', 'M', 4, false, NULL, 'active');
INSERT INTO players (id, nickname, race, tier, gender, crew_id, is_fa, tag, status) VALUES (71, '원지훈', 'P', 'Jack', 'M', NULL, true, NULL, 'active');
INSERT INTO players (id, nickname, race, tier, gender, crew_id, is_fa, tag, status) VALUES (72, '김봉실', 'P', 'Jack', 'M', NULL, true, NULL, 'active');
INSERT INTO players (id, nickname, race, tier, gender, crew_id, is_fa, tag, status) VALUES (73, '이인극', 'T', 'Joker', 'M', NULL, true, NULL, 'active');
INSERT INTO players (id, nickname, race, tier, gender, crew_id, is_fa, tag, status) VALUES (74, '허유', 'T', 'Joker', 'M', 4, false, NULL, 'active');
INSERT INTO players (id, nickname, race, tier, gender, crew_id, is_fa, tag, status) VALUES (75, '저지현', 'T', 'Joker', 'M', NULL, false, 'new', 'active');
INSERT INTO players (id, nickname, race, tier, gender, crew_id, is_fa, tag, status) VALUES (76, '김상곤', 'T', 'Joker', 'M', 4, false, NULL, 'active');
INSERT INTO players (id, nickname, race, tier, gender, crew_id, is_fa, tag, status) VALUES (77, '민찬기', 'T', 'Joker', 'M', 10, false, NULL, 'active');
INSERT INTO players (id, nickname, race, tier, gender, crew_id, is_fa, tag, status) VALUES (78, '액션구드론', 'Z', 'Joker', 'M', 12, false, NULL, 'active');
INSERT INTO players (id, nickname, race, tier, gender, crew_id, is_fa, tag, status) VALUES (79, '인치호', 'Z', 'Joker', 'M', 13, false, NULL, 'active');
INSERT INTO players (id, nickname, race, tier, gender, crew_id, is_fa, tag, status) VALUES (80, '전상욱', 'Z', 'Joker', 'M', 4, false, NULL, 'active');
INSERT INTO players (id, nickname, race, tier, gender, crew_id, is_fa, tag, status) VALUES (81, '김영주', 'Z', 'Joker', 'M', NULL, false, NULL, 'active');
INSERT INTO players (id, nickname, race, tier, gender, crew_id, is_fa, tag, status) VALUES (82, '김건욱', 'Z', 'Joker', 'M', 12, false, NULL, 'active');
INSERT INTO players (id, nickname, race, tier, gender, crew_id, is_fa, tag, status) VALUES (83, '김대한', 'Z', 'Joker', 'M', 4, false, NULL, 'active');
INSERT INTO players (id, nickname, race, tier, gender, crew_id, is_fa, tag, status) VALUES (84, '김기덕', 'Z', 'Joker', 'M', 7, false, NULL, 'active');
INSERT INTO players (id, nickname, race, tier, gender, crew_id, is_fa, tag, status) VALUES (85, '선우도현', 'Z', 'Joker', 'M', 11, false, NULL, 'active');
INSERT INTO players (id, nickname, race, tier, gender, crew_id, is_fa, tag, status) VALUES (86, '철구', 'Z', 'Joker', 'M', 9, false, NULL, 'active');
INSERT INTO players (id, nickname, race, tier, gender, crew_id, is_fa, tag, status) VALUES (87, '킁식', 'P', 'Joker', 'M', 13, false, NULL, 'active');
INSERT INTO players (id, nickname, race, tier, gender, crew_id, is_fa, tag, status) VALUES (88, '김학수', 'P', 'Joker', 'M', 14, false, NULL, 'active');
INSERT INTO players (id, nickname, race, tier, gender, crew_id, is_fa, tag, status) VALUES (89, '라박이', 'P', 'Joker', 'M', 7, false, NULL, 'active');
INSERT INTO players (id, nickname, race, tier, gender, crew_id, is_fa, tag, status) VALUES (90, '손찬웅', 'P', 'Joker', 'M', 11, false, NULL, 'active');
INSERT INTO players (id, nickname, race, tier, gender, crew_id, is_fa, tag, status) VALUES (91, '김민우', 'P', 'Joker', 'M', 2, false, NULL, 'active');
INSERT INTO players (id, nickname, race, tier, gender, crew_id, is_fa, tag, status) VALUES (92, '박준혁', 'P', 'Joker', 'M', NULL, true, NULL, 'active');
INSERT INTO players (id, nickname, race, tier, gender, crew_id, is_fa, tag, status) VALUES (93, '쿰신', 'P', 'Joker', 'M', 7, false, NULL, 'active');
INSERT INTO players (id, nickname, race, tier, gender, crew_id, is_fa, tag, status) VALUES (94, '쿨지지', 'P', 'Joker', 'M', 7, false, NULL, 'active');
INSERT INTO players (id, nickname, race, tier, gender, crew_id, is_fa, tag, status) VALUES (95, '전제민', 'P', 'Joker', 'M', NULL, false, NULL, 'active');
INSERT INTO players (id, nickname, race, tier, gender, crew_id, is_fa, tag, status) VALUES (96, '미동미동', 'P', 'Joker', 'M', 12, false, NULL, 'active');
INSERT INTO players (id, nickname, race, tier, gender, crew_id, is_fa, tag, status) VALUES (97, '윤준석', 'P', 'Joker', 'M', 2, false, NULL, 'active');
INSERT INTO players (id, nickname, race, tier, gender, crew_id, is_fa, tag, status) VALUES (98, '안기효', 'P', 'Joker', 'M', NULL, true, NULL, 'active');
INSERT INTO players (id, nickname, race, tier, gender, crew_id, is_fa, tag, status) VALUES (99, '기뉴다', 'T', 'Spade', 'M', 12, false, NULL, 'active');
INSERT INTO players (id, nickname, race, tier, gender, crew_id, is_fa, tag, status) VALUES (100, '최재성', 'T', 'Spade', 'M', 9, false, NULL, 'active');
INSERT INTO players (id, nickname, race, tier, gender, crew_id, is_fa, tag, status) VALUES (101, '박성진', 'T', 'Spade', 'M', 7, false, NULL, 'active');
INSERT INTO players (id, nickname, race, tier, gender, crew_id, is_fa, tag, status) VALUES (102, '이윤열', 'T', 'Spade', 'M', NULL, true, NULL, 'active');
INSERT INTO players (id, nickname, race, tier, gender, crew_id, is_fa, tag, status) VALUES (103, '김상수', 'T', 'Spade', 'M', NULL, true, NULL, 'active');
INSERT INTO players (id, nickname, race, tier, gender, crew_id, is_fa, tag, status) VALUES (104, '이완', 'T', 'Spade', 'M', NULL, true, NULL, 'active');
INSERT INTO players (id, nickname, race, tier, gender, crew_id, is_fa, tag, status) VALUES (105, '팔레트', 'T', 'Spade', 'M', NULL, true, NULL, 'active');
INSERT INTO players (id, nickname, race, tier, gender, crew_id, is_fa, tag, status) VALUES (106, '초난강', 'T', 'Spade', 'M', 12, false, NULL, 'active');
INSERT INTO players (id, nickname, race, tier, gender, crew_id, is_fa, tag, status) VALUES (107, '박태민', 'Z', 'Spade', 'M', 8, false, NULL, 'active');
INSERT INTO players (id, nickname, race, tier, gender, crew_id, is_fa, tag, status) VALUES (108, '박성준', 'Z', 'Spade', 'M', 12, false, NULL, 'active');
INSERT INTO players (id, nickname, race, tier, gender, crew_id, is_fa, tag, status) VALUES (109, '박성준2', 'Z', 'Spade', 'M', NULL, false, NULL, 'active');
INSERT INTO players (id, nickname, race, tier, gender, crew_id, is_fa, tag, status) VALUES (110, '초롱초롱', 'Z', 'Spade', 'M', NULL, true, NULL, 'active');
INSERT INTO players (id, nickname, race, tier, gender, crew_id, is_fa, tag, status) VALUES (111, '카권', 'Z', 'Spade', 'M', 13, false, NULL, 'active');
INSERT INTO players (id, nickname, race, tier, gender, crew_id, is_fa, tag, status) VALUES (112, '빡죠스', 'P', 'Spade', 'M', NULL, false, NULL, 'active');
INSERT INTO players (id, nickname, race, tier, gender, crew_id, is_fa, tag, status) VALUES (113, '유민', 'P', 'Spade', 'M', 14, false, NULL, 'active');
INSERT INTO players (id, nickname, race, tier, gender, crew_id, is_fa, tag, status) VALUES (114, '트슈', 'P', 'Spade', 'M', 12, false, NULL, 'active');
INSERT INTO players (id, nickname, race, tier, gender, crew_id, is_fa, tag, status) VALUES (115, '탱크', 'P', 'Spade', 'M', NULL, false, NULL, 'active');
INSERT INTO players (id, nickname, race, tier, gender, crew_id, is_fa, tag, status) VALUES (116, '파도', 'P', 'Spade', 'M', 6, false, NULL, 'active');
INSERT INTO players (id, nickname, race, tier, gender, crew_id, is_fa, tag, status) VALUES (117, '전태규', 'P', 'Spade', 'M', 10, false, NULL, 'active');
INSERT INTO players (id, nickname, race, tier, gender, crew_id, is_fa, tag, status) VALUES (118, '송현덕', 'P', 'Spade', 'M', 4, false, NULL, 'active');
INSERT INTO players (id, nickname, race, tier, gender, crew_id, is_fa, tag, status) VALUES (119, '난수', 'P', 'Spade', 'M', NULL, true, NULL, 'active');
INSERT INTO players (id, nickname, race, tier, gender, crew_id, is_fa, tag, status) VALUES (120, '고도준', 'P', 'Spade', 'M', NULL, false, NULL, 'active');
INSERT INTO players (id, nickname, race, tier, gender, crew_id, is_fa, tag, status) VALUES (121, '안정우', 'P', 'Spade', 'M', NULL, true, NULL, 'active');
INSERT INTO players (id, nickname, race, tier, gender, crew_id, is_fa, tag, status) VALUES (122, '서기수', 'P', 'Spade', 'M', 13, false, NULL, 'active');
INSERT INTO players (id, nickname, race, tier, gender, crew_id, is_fa, tag, status) VALUES (123, '김성제', 'P', 'Spade', 'M', 13, false, NULL, 'active');
INSERT INTO players (id, nickname, race, tier, gender, crew_id, is_fa, tag, status) VALUES (124, '강민', 'P', 'Spade', 'M', 8, false, NULL, 'active');
INSERT INTO players (id, nickname, race, tier, gender, crew_id, is_fa, tag, status) VALUES (125, '봉준', 'P', 'Spade', 'M', NULL, false, NULL, 'active');
INSERT INTO players (id, nickname, race, tier, gender, crew_id, is_fa, tag, status) VALUES (126, '하얀눈길', 'P', 'Spade', 'M', NULL, true, NULL, 'active');
INSERT INTO players (id, nickname, race, tier, gender, crew_id, is_fa, tag, status) VALUES (127, '서지수', 'T', '0', 'F', NULL, true, '승급임박', 'active');
INSERT INTO players (id, nickname, race, tier, gender, crew_id, is_fa, tag, status) VALUES (128, '강구열', 'T', '0', 'F', 9, false, '승급임박', 'active');
INSERT INTO players (id, nickname, race, tier, gender, crew_id, is_fa, tag, status) VALUES (129, '내가스틱', 'Z', '0', 'M', NULL, true, NULL, 'active');
INSERT INTO players (id, nickname, race, tier, gender, crew_id, is_fa, tag, status) VALUES (130, '정소윤', 'Z', '0', 'F', 14, false, '승급임박', 'active');
INSERT INTO players (id, nickname, race, tier, gender, crew_id, is_fa, tag, status) VALUES (131, '채린쟝', 'Z', '0', 'F', NULL, true, NULL, 'active');
INSERT INTO players (id, nickname, race, tier, gender, crew_id, is_fa, tag, status) VALUES (132, '보혜', 'P', '0', 'F', 14, false, '승급임박', 'active');
INSERT INTO players (id, nickname, race, tier, gender, crew_id, is_fa, tag, status) VALUES (133, '멍이에요', 'P', '0', 'F', 11, false, '승급임박', 'active');
INSERT INTO players (id, nickname, race, tier, gender, crew_id, is_fa, tag, status) VALUES (134, '유성민', 'P', '0', 'M', NULL, true, '승급임박', 'active');
INSERT INTO players (id, nickname, race, tier, gender, crew_id, is_fa, tag, status) VALUES (135, '소룡이', 'P', '0', 'F', 11, false, NULL, 'active');
INSERT INTO players (id, nickname, race, tier, gender, crew_id, is_fa, tag, status) VALUES (136, '토스봇', 'P', '0', 'F', 3, false, NULL, 'active');
INSERT INTO players (id, nickname, race, tier, gender, crew_id, is_fa, tag, status) VALUES (137, '파메', 'P', '0', 'F', 8, false, NULL, 'active');
INSERT INTO players (id, nickname, race, tier, gender, crew_id, is_fa, tag, status) VALUES (138, '빡재', 'T', '1', 'F', 1, false, '승급임박', 'active');
INSERT INTO players (id, nickname, race, tier, gender, crew_id, is_fa, tag, status) VALUES (139, '모토케이', 'T', '1', 'M', NULL, true, '승급임박', 'active');
INSERT INTO players (id, nickname, race, tier, gender, crew_id, is_fa, tag, status) VALUES (140, '라히', 'T', '1', 'F', 7, false, NULL, 'active');
INSERT INTO players (id, nickname, race, tier, gender, crew_id, is_fa, tag, status) VALUES (141, '나도현', 'T', '1', 'F', 8, false, NULL, 'active');
INSERT INTO players (id, nickname, race, tier, gender, crew_id, is_fa, tag, status) VALUES (142, '다린', 'T', '1', 'F', 11, false, '승급임박', 'active');
INSERT INTO players (id, nickname, race, tier, gender, crew_id, is_fa, tag, status) VALUES (143, '카리스', 'T', '1', 'M', NULL, true, NULL, 'active');
INSERT INTO players (id, nickname, race, tier, gender, crew_id, is_fa, tag, status) VALUES (144, '안아', 'P', '1', 'F', 7, false, NULL, 'active');
INSERT INTO players (id, nickname, race, tier, gender, crew_id, is_fa, tag, status) VALUES (145, '애공', 'P', '1', 'F', 13, false, NULL, 'active');
INSERT INTO players (id, nickname, race, tier, gender, crew_id, is_fa, tag, status) VALUES (146, '수입뿌드', 'P', '1', 'F', 6, false, '승급임박', 'active');
INSERT INTO players (id, nickname, race, tier, gender, crew_id, is_fa, tag, status) VALUES (147, '앙상국', 'P', '1', 'M', NULL, true, NULL, 'active');
INSERT INTO players (id, nickname, race, tier, gender, crew_id, is_fa, tag, status) VALUES (148, '클템', 'T', '2', 'F', NULL, false, '승급임박', 'active');
INSERT INTO players (id, nickname, race, tier, gender, crew_id, is_fa, tag, status) VALUES (149, '저라뎃', 'T', '2', 'F', NULL, false, NULL, 'active');
INSERT INTO players (id, nickname, race, tier, gender, crew_id, is_fa, tag, status) VALUES (150, '히영', 'T', '2', 'F', 1, false, NULL, 'active');
INSERT INTO players (id, nickname, race, tier, gender, crew_id, is_fa, tag, status) VALUES (151, '우힝이', 'T', '2', 'F', 1, false, NULL, 'active');
INSERT INTO players (id, nickname, race, tier, gender, crew_id, is_fa, tag, status) VALUES (152, '혜로로', 'Z', '2', 'F', 10, false, '승급임박', 'active');
INSERT INTO players (id, nickname, race, tier, gender, crew_id, is_fa, tag, status) VALUES (153, '또봉순', 'Z', '2', 'F', NULL, false, '승급임박', 'active');
INSERT INTO players (id, nickname, race, tier, gender, crew_id, is_fa, tag, status) VALUES (154, '남덕선', 'Z', '2', 'F', 11, false, '승급임박', 'active');
INSERT INTO players (id, nickname, race, tier, gender, crew_id, is_fa, tag, status) VALUES (155, '나무늘봉순', 'Z', '2', 'F', 9, false, NULL, 'active');
INSERT INTO players (id, nickname, race, tier, gender, crew_id, is_fa, tag, status) VALUES (156, '하블리', 'Z', '2', 'F', 2, false, NULL, 'active');
INSERT INTO players (id, nickname, race, tier, gender, crew_id, is_fa, tag, status) VALUES (157, '카히리', 'P', '2', 'F', NULL, false, NULL, 'active');
INSERT INTO players (id, nickname, race, tier, gender, crew_id, is_fa, tag, status) VALUES (158, '슬돌이', 'P', '2', 'F', 14, false, NULL, 'active');
INSERT INTO players (id, nickname, race, tier, gender, crew_id, is_fa, tag, status) VALUES (159, '다나짱', 'P', '2', 'F', 5, false, NULL, 'active');
INSERT INTO players (id, nickname, race, tier, gender, crew_id, is_fa, tag, status) VALUES (160, '오리3', 'P', '2', 'F', NULL, true, NULL, 'active');
INSERT INTO players (id, nickname, race, tier, gender, crew_id, is_fa, tag, status) VALUES (161, '빵훈', 'P', '2', 'F', 9, false, NULL, 'active');
INSERT INTO players (id, nickname, race, tier, gender, crew_id, is_fa, tag, status) VALUES (162, '뚜미', 'T', '3', 'F', 1, false, NULL, 'active');
INSERT INTO players (id, nickname, race, tier, gender, crew_id, is_fa, tag, status) VALUES (163, '소심', 'T', '3', 'F', 10, false, NULL, 'active');
INSERT INTO players (id, nickname, race, tier, gender, crew_id, is_fa, tag, status) VALUES (164, '김인호', 'T', '3', 'F', 5, false, NULL, 'active');
INSERT INTO players (id, nickname, race, tier, gender, crew_id, is_fa, tag, status) VALUES (165, '하리', 'T', '3', 'F', 3, false, NULL, 'active');
INSERT INTO players (id, nickname, race, tier, gender, crew_id, is_fa, tag, status) VALUES (166, '나예리', 'T', '3', 'F', 11, false, NULL, 'active');
INSERT INTO players (id, nickname, race, tier, gender, crew_id, is_fa, tag, status) VALUES (167, '규리야', 'T', '3', 'F', 14, false, '상승', 'active');
INSERT INTO players (id, nickname, race, tier, gender, crew_id, is_fa, tag, status) VALUES (168, '지두두', 'T', '3', 'F', NULL, true, 'inactive', 'inactive');
INSERT INTO players (id, nickname, race, tier, gender, crew_id, is_fa, tag, status) VALUES (169, '추르미', 'Z', '3', 'F', NULL, false, NULL, 'active');
INSERT INTO players (id, nickname, race, tier, gender, crew_id, is_fa, tag, status) VALUES (170, '라미', 'Z', '3', 'F', 2, false, '승급임박', 'active');
INSERT INTO players (id, nickname, race, tier, gender, crew_id, is_fa, tag, status) VALUES (171, '다예', 'Z', '3', 'F', NULL, true, '승급임박', 'active');
INSERT INTO players (id, nickname, race, tier, gender, crew_id, is_fa, tag, status) VALUES (172, '파찌', 'Z', '3', 'F', 11, false, NULL, 'active');
INSERT INTO players (id, nickname, race, tier, gender, crew_id, is_fa, tag, status) VALUES (173, '상어녀', 'Z', '3', 'F', 12, false, NULL, 'active');
INSERT INTO players (id, nickname, race, tier, gender, crew_id, is_fa, tag, status) VALUES (174, '공다츠', 'Z', '3', 'F', 11, false, '상승', 'active');
INSERT INTO players (id, nickname, race, tier, gender, crew_id, is_fa, tag, status) VALUES (175, '김뽀뇨', 'P', '3', 'F', 14, false, NULL, 'active');
INSERT INTO players (id, nickname, race, tier, gender, crew_id, is_fa, tag, status) VALUES (176, '기나', 'P', '3', 'F', NULL, true, '승급임박', 'active');
INSERT INTO players (id, nickname, race, tier, gender, crew_id, is_fa, tag, status) VALUES (177, '구보라', 'P', '3', 'F', NULL, true, NULL, 'active');
INSERT INTO players (id, nickname, race, tier, gender, crew_id, is_fa, tag, status) VALUES (178, '별비', 'P', '3', 'F', NULL, false, NULL, 'active');
INSERT INTO players (id, nickname, race, tier, gender, crew_id, is_fa, tag, status) VALUES (179, '이유란', 'P', '3', 'F', 5, false, NULL, 'active');
INSERT INTO players (id, nickname, race, tier, gender, crew_id, is_fa, tag, status) VALUES (180, '박듀듀', 'P', '3', 'F', 5, false, '승급임박', 'active');
INSERT INTO players (id, nickname, race, tier, gender, crew_id, is_fa, tag, status) VALUES (181, '토마토', 'P', '3', 'F', 6, false, NULL, 'active');
INSERT INTO players (id, nickname, race, tier, gender, crew_id, is_fa, tag, status) VALUES (182, '유복실', 'P', '3', 'F', 11, false, NULL, 'active');
INSERT INTO players (id, nickname, race, tier, gender, crew_id, is_fa, tag, status) VALUES (183, '최하니', 'P', '3', 'F', NULL, true, NULL, 'active');
INSERT INTO players (id, nickname, race, tier, gender, crew_id, is_fa, tag, status) VALUES (184, '빵리나', 'P', '3', 'F', 10, false, '상승', 'active');
INSERT INTO players (id, nickname, race, tier, gender, crew_id, is_fa, tag, status) VALUES (185, '시조새', 'P', '3', 'F', 2, false, NULL, 'active');
INSERT INTO players (id, nickname, race, tier, gender, crew_id, is_fa, tag, status) VALUES (186, '태영', 'T', '4', 'F', NULL, false, '승급임박', 'active');
INSERT INTO players (id, nickname, race, tier, gender, crew_id, is_fa, tag, status) VALUES (187, '금선2', 'T', '4', 'F', 8, false, NULL, 'active');
INSERT INTO players (id, nickname, race, tier, gender, crew_id, is_fa, tag, status) VALUES (188, '햇살', 'T', '4', 'F', 6, false, NULL, 'active');
INSERT INTO players (id, nickname, race, tier, gender, crew_id, is_fa, tag, status) VALUES (189, '우리밍', 'T', '4', 'F', NULL, false, NULL, 'active');
INSERT INTO players (id, nickname, race, tier, gender, crew_id, is_fa, tag, status) VALUES (190, '오조은', 'T', '4', 'F', 9, false, NULL, 'active');
INSERT INTO players (id, nickname, race, tier, gender, crew_id, is_fa, tag, status) VALUES (191, '쥬나', 'Z', '4', 'F', 12, false, '승급임박', 'active');
INSERT INTO players (id, nickname, race, tier, gender, crew_id, is_fa, tag, status) VALUES (192, '림예이', 'Z', '4', 'F', NULL, true, '승급임박', 'active');
INSERT INTO players (id, nickname, race, tier, gender, crew_id, is_fa, tag, status) VALUES (193, '늑대채린', 'Z', '4', 'F', 14, false, '승급임박', 'active');
INSERT INTO players (id, nickname, race, tier, gender, crew_id, is_fa, tag, status) VALUES (194, '요닝', 'Z', '4', 'F', 9, false, '승급임박', 'active');
INSERT INTO players (id, nickname, race, tier, gender, crew_id, is_fa, tag, status) VALUES (195, '찌킹', 'Z', '4', 'F', 14, false, NULL, 'active');
INSERT INTO players (id, nickname, race, tier, gender, crew_id, is_fa, tag, status) VALUES (196, '몽순', 'Z', '4', 'F', 4, false, NULL, 'active');
INSERT INTO players (id, nickname, race, tier, gender, crew_id, is_fa, tag, status) VALUES (197, '정소이', 'Z', '4', 'F', NULL, true, NULL, 'active');
INSERT INTO players (id, nickname, race, tier, gender, crew_id, is_fa, tag, status) VALUES (198, '구루미', 'Z', '4', 'F', 14, false, NULL, 'active');
INSERT INTO players (id, nickname, race, tier, gender, crew_id, is_fa, tag, status) VALUES (199, '슬아', 'Z', '4', 'F', 13, false, NULL, 'active');
INSERT INTO players (id, nickname, race, tier, gender, crew_id, is_fa, tag, status) VALUES (200, '링고', 'Z', '4', 'F', 3, false, NULL, 'active');
INSERT INTO players (id, nickname, race, tier, gender, crew_id, is_fa, tag, status) VALUES (201, '나린', 'Z', '4', 'F', 2, false, '상승', 'active');
INSERT INTO players (id, nickname, race, tier, gender, crew_id, is_fa, tag, status) VALUES (202, '키링', 'P', '4', 'F', 12, false, '승급임박', 'active');
INSERT INTO players (id, nickname, race, tier, gender, crew_id, is_fa, tag, status) VALUES (203, '임밍지', 'P', '4', 'F', NULL, false, NULL, 'active');
INSERT INTO players (id, nickname, race, tier, gender, crew_id, is_fa, tag, status) VALUES (204, '졈니', 'P', '4', 'F', 9, false, NULL, 'active');
INSERT INTO players (id, nickname, race, tier, gender, crew_id, is_fa, tag, status) VALUES (205, '최도랑', 'P', '4', 'F', 12, false, NULL, 'active');
INSERT INTO players (id, nickname, race, tier, gender, crew_id, is_fa, tag, status) VALUES (206, '연애인', 'P', '4', 'F', 11, false, NULL, 'active');
INSERT INTO players (id, nickname, race, tier, gender, crew_id, is_fa, tag, status) VALUES (207, '꼬니부킹', 'P', '4', 'F', NULL, false, NULL, 'active');
INSERT INTO players (id, nickname, race, tier, gender, crew_id, is_fa, tag, status) VALUES (208, '은똥', 'P', '4', 'F', NULL, false, NULL, 'active');
INSERT INTO players (id, nickname, race, tier, gender, crew_id, is_fa, tag, status) VALUES (209, '깨림이', 'T', '5', 'F', 11, false, NULL, 'active');
INSERT INTO players (id, nickname, race, tier, gender, crew_id, is_fa, tag, status) VALUES (210, '만다', 'T', '5', 'F', NULL, true, NULL, 'active');
INSERT INTO players (id, nickname, race, tier, gender, crew_id, is_fa, tag, status) VALUES (211, '김하선', 'T', '5', 'F', NULL, true, NULL, 'active');
INSERT INTO players (id, nickname, race, tier, gender, crew_id, is_fa, tag, status) VALUES (212, '옆집뽀누나농떼르만', 'T', '5', 'F', NULL, false, NULL, 'active');
INSERT INTO players (id, nickname, race, tier, gender, crew_id, is_fa, tag, status) VALUES (213, '시녕뭉', 'T', '5', 'F', NULL, false, NULL, 'active');
INSERT INTO players (id, nickname, race, tier, gender, crew_id, is_fa, tag, status) VALUES (214, '강덕구', 'T', '5', 'F', 12, false, NULL, 'active');
INSERT INTO players (id, nickname, race, tier, gender, crew_id, is_fa, tag, status) VALUES (215, '소주양', 'T', '5', 'F', 6, false, NULL, 'active');
INSERT INTO players (id, nickname, race, tier, gender, crew_id, is_fa, tag, status) VALUES (216, '유이', 'T', '5', 'F', 12, false, NULL, 'active');
INSERT INTO players (id, nickname, race, tier, gender, crew_id, is_fa, tag, status) VALUES (217, '치리', 'Z', '5', 'F', 6, false, NULL, 'active');
INSERT INTO players (id, nickname, race, tier, gender, crew_id, is_fa, tag, status) VALUES (218, '슈슈', 'Z', '5', 'F', 13, false, NULL, 'active');
INSERT INTO players (id, nickname, race, tier, gender, crew_id, is_fa, tag, status) VALUES (219, '란란', 'Z', '5', 'F', 9, false, NULL, 'active');
INSERT INTO players (id, nickname, race, tier, gender, crew_id, is_fa, tag, status) VALUES (220, '삐약삐약', 'Z', '5', 'F', 7, false, NULL, 'active');
INSERT INTO players (id, nickname, race, tier, gender, crew_id, is_fa, tag, status) VALUES (221, '단양', 'Z', '5', 'F', 4, false, NULL, 'active');
INSERT INTO players (id, nickname, race, tier, gender, crew_id, is_fa, tag, status) VALUES (222, '아라미', 'Z', '5', 'F', NULL, true, NULL, 'active');
INSERT INTO players (id, nickname, race, tier, gender, crew_id, is_fa, tag, status) VALUES (223, '예실', 'P', '5', 'F', 13, false, NULL, 'active');
INSERT INTO players (id, nickname, race, tier, gender, crew_id, is_fa, tag, status) VALUES (224, '주하랑', 'P', '5', 'F', 6, false, NULL, 'active');
INSERT INTO players (id, nickname, race, tier, gender, crew_id, is_fa, tag, status) VALUES (225, '오하얀', 'P', '5', 'F', 10, false, NULL, 'active');
INSERT INTO players (id, nickname, race, tier, gender, crew_id, is_fa, tag, status) VALUES (226, '설둥이', 'P', '5', 'F', 10, false, NULL, 'active');
INSERT INTO players (id, nickname, race, tier, gender, crew_id, is_fa, tag, status) VALUES (227, '예슬', 'P', '5', 'F', NULL, true, NULL, 'active');
INSERT INTO players (id, nickname, race, tier, gender, crew_id, is_fa, tag, status) VALUES (228, '라운이', 'P', '5', 'F', 5, false, NULL, 'active');
INSERT INTO players (id, nickname, race, tier, gender, crew_id, is_fa, tag, status) VALUES (229, '연둥바둥', 'P', '5', 'F', NULL, true, NULL, 'active');
INSERT INTO players (id, nickname, race, tier, gender, crew_id, is_fa, tag, status) VALUES (230, '정중만', 'P', '5', 'F', 11, false, NULL, 'active');
INSERT INTO players (id, nickname, race, tier, gender, crew_id, is_fa, tag, status) VALUES (231, '최세상', 'P', '5', 'F', 3, false, NULL, 'active');
INSERT INTO players (id, nickname, race, tier, gender, crew_id, is_fa, tag, status) VALUES (232, '주서리', 'P', '5', 'F', 11, false, '승급임박', 'active');
INSERT INTO players (id, nickname, race, tier, gender, crew_id, is_fa, tag, status) VALUES (233, '묘아', 'P', '5', 'F', NULL, false, NULL, 'active');
INSERT INTO players (id, nickname, race, tier, gender, crew_id, is_fa, tag, status) VALUES (234, '비타밍', 'T', '6', 'F', 5, false, NULL, 'active');
INSERT INTO players (id, nickname, race, tier, gender, crew_id, is_fa, tag, status) VALUES (235, '모리', 'T', '6', 'F', 9, false, NULL, 'active');
INSERT INTO players (id, nickname, race, tier, gender, crew_id, is_fa, tag, status) VALUES (236, '으냥이', 'T', '6', 'F', NULL, false, NULL, 'active');
INSERT INTO players (id, nickname, race, tier, gender, crew_id, is_fa, tag, status) VALUES (237, '선정은', 'T', '6', 'F', 10, false, NULL, 'active');
INSERT INTO players (id, nickname, race, tier, gender, crew_id, is_fa, tag, status) VALUES (238, '서윤', 'T', '6', 'F', NULL, false, NULL, 'active');
INSERT INTO players (id, nickname, race, tier, gender, crew_id, is_fa, tag, status) VALUES (239, '빵미유', 'T', '6', 'F', NULL, false, NULL, 'active');
INSERT INTO players (id, nickname, race, tier, gender, crew_id, is_fa, tag, status) VALUES (240, '려원', 'T', '6', 'F', 2, false, NULL, 'active');
INSERT INTO players (id, nickname, race, tier, gender, crew_id, is_fa, tag, status) VALUES (241, '메옹', 'T', '6', 'F', 1, false, '상승', 'active');
INSERT INTO players (id, nickname, race, tier, gender, crew_id, is_fa, tag, status) VALUES (242, '수니양', 'T', '6', 'F', 5, false, '상승', 'active');
INSERT INTO players (id, nickname, race, tier, gender, crew_id, is_fa, tag, status) VALUES (243, '내가먼지', 'T', '6', 'F', 14, false, NULL, 'active');
INSERT INTO players (id, nickname, race, tier, gender, crew_id, is_fa, tag, status) VALUES (244, '이아깽', 'T', '6', 'F', 1, false, NULL, 'active');
INSERT INTO players (id, nickname, race, tier, gender, crew_id, is_fa, tag, status) VALUES (245, '링가', 'T', '6', 'F', 1, false, NULL, 'active');
INSERT INTO players (id, nickname, race, tier, gender, crew_id, is_fa, tag, status) VALUES (246, '뚜비', 'T', '6', 'F', 8, false, NULL, 'active');
INSERT INTO players (id, nickname, race, tier, gender, crew_id, is_fa, tag, status) VALUES (247, '또해영', 'Z', '6', 'F', 14, false, NULL, 'active');
INSERT INTO players (id, nickname, race, tier, gender, crew_id, is_fa, tag, status) VALUES (248, '2라니', 'Z', '6', 'F', 11, false, NULL, 'active');
INSERT INTO players (id, nickname, race, tier, gender, crew_id, is_fa, tag, status) VALUES (249, '귀요민정', 'Z', '6', 'F', 11, false, NULL, 'active');
INSERT INTO players (id, nickname, race, tier, gender, crew_id, is_fa, tag, status) VALUES (250, '도릿', 'Z', '6', 'F', 8, false, NULL, 'active');
INSERT INTO players (id, nickname, race, tier, gender, crew_id, is_fa, tag, status) VALUES (251, '김태향', 'Z', '6', 'F', 2, false, NULL, 'active');
INSERT INTO players (id, nickname, race, tier, gender, crew_id, is_fa, tag, status) VALUES (252, '박하악', 'Z', '6', 'F', 14, false, NULL, 'active');
INSERT INTO players (id, nickname, race, tier, gender, crew_id, is_fa, tag, status) VALUES (253, '미니언', 'Z', '6', 'F', NULL, true, NULL, 'active');
INSERT INTO players (id, nickname, race, tier, gender, crew_id, is_fa, tag, status) VALUES (254, '오리꿍', 'Z', '6', 'F', 9, false, '상승', 'active');
INSERT INTO players (id, nickname, race, tier, gender, crew_id, is_fa, tag, status) VALUES (255, '쌍디', 'Z', '6', 'F', 13, false, NULL, 'active');
INSERT INTO players (id, nickname, race, tier, gender, crew_id, is_fa, tag, status) VALUES (256, '임조이', 'Z', '6', 'F', 6, false, NULL, 'active');
INSERT INTO players (id, nickname, race, tier, gender, crew_id, is_fa, tag, status) VALUES (257, '김설', 'Z', '6', 'F', 5, false, NULL, 'active');
INSERT INTO players (id, nickname, race, tier, gender, crew_id, is_fa, tag, status) VALUES (258, '연블비', 'Z', '6', 'F', 13, false, NULL, 'active');
INSERT INTO players (id, nickname, race, tier, gender, crew_id, is_fa, tag, status) VALUES (259, '김채이', 'P', '6', 'F', 10, false, NULL, 'active');
INSERT INTO players (id, nickname, race, tier, gender, crew_id, is_fa, tag, status) VALUES (260, '양유정', 'P', '6', 'F', NULL, true, NULL, 'active');
INSERT INTO players (id, nickname, race, tier, gender, crew_id, is_fa, tag, status) VALUES (261, '다우미', 'P', '6', 'F', NULL, true, NULL, 'active');
INSERT INTO players (id, nickname, race, tier, gender, crew_id, is_fa, tag, status) VALUES (262, '밍가', 'P', '6', 'F', 11, false, NULL, 'active');
INSERT INTO players (id, nickname, race, tier, gender, crew_id, is_fa, tag, status) VALUES (263, '태린', 'P', '6', 'F', 7, false, NULL, 'active');
INSERT INTO players (id, nickname, race, tier, gender, crew_id, is_fa, tag, status) VALUES (264, '김무아', 'P', '6', 'F', 11, false, NULL, 'active');
INSERT INTO players (id, nickname, race, tier, gender, crew_id, is_fa, tag, status) VALUES (265, '뿌하', 'P', '6', 'F', NULL, true, NULL, 'active');
INSERT INTO players (id, nickname, race, tier, gender, crew_id, is_fa, tag, status) VALUES (266, '연수', 'P', '6', 'F', NULL, false, NULL, 'active');
INSERT INTO players (id, nickname, race, tier, gender, crew_id, is_fa, tag, status) VALUES (267, '히댕', 'P', '6', 'F', NULL, false, NULL, 'active');
INSERT INTO players (id, nickname, race, tier, gender, crew_id, is_fa, tag, status) VALUES (268, '비재희', 'P', '6', 'F', 4, false, NULL, 'active');
INSERT INTO players (id, nickname, race, tier, gender, crew_id, is_fa, tag, status) VALUES (269, '엄보리', 'P', '6', 'F', 3, false, '승급임박', 'active');
INSERT INTO players (id, nickname, race, tier, gender, crew_id, is_fa, tag, status) VALUES (270, '진유성', 'P', '6', 'F', 12, false, NULL, 'active');
INSERT INTO players (id, nickname, race, tier, gender, crew_id, is_fa, tag, status) VALUES (271, '남수댕', 'P', '6', 'F', 9, false, NULL, 'active');
INSERT INTO players (id, nickname, race, tier, gender, crew_id, is_fa, tag, status) VALUES (272, '백갑숙', 'P', '6', 'F', 12, false, NULL, 'active');
INSERT INTO players (id, nickname, race, tier, gender, crew_id, is_fa, tag, status) VALUES (273, '하랑e', 'P', '6', 'F', NULL, false, NULL, 'active');
INSERT INTO players (id, nickname, race, tier, gender, crew_id, is_fa, tag, status) VALUES (274, '팔순', 'P', '6', 'F', NULL, true, NULL, 'active');
INSERT INTO players (id, nickname, race, tier, gender, crew_id, is_fa, tag, status) VALUES (275, '하두링', 'P', '6', 'F', NULL, true, NULL, 'active');
INSERT INTO players (id, nickname, race, tier, gender, crew_id, is_fa, tag, status) VALUES (276, '정다닝', 'T', '7', 'F', NULL, false, NULL, 'active');
INSERT INTO players (id, nickname, race, tier, gender, crew_id, is_fa, tag, status) VALUES (277, '밥새', 'T', '7', 'F', 2, false, NULL, 'active');
INSERT INTO players (id, nickname, race, tier, gender, crew_id, is_fa, tag, status) VALUES (278, '세월', 'T', '7', 'F', 8, false, NULL, 'active');
INSERT INTO players (id, nickname, race, tier, gender, crew_id, is_fa, tag, status) VALUES (279, '빵지니', 'T', '7', 'F', NULL, false, NULL, 'active');
INSERT INTO players (id, nickname, race, tier, gender, crew_id, is_fa, tag, status) VALUES (280, '경콩이', 'T', '7', 'F', 1, false, '상승', 'active');
INSERT INTO players (id, nickname, race, tier, gender, crew_id, is_fa, tag, status) VALUES (281, '김말랑', 'T', '7', 'F', 5, false, '상승', 'active');
INSERT INTO players (id, nickname, race, tier, gender, crew_id, is_fa, tag, status) VALUES (282, '면추가', 'T', '7', 'F', 3, false, NULL, 'active');
INSERT INTO players (id, nickname, race, tier, gender, crew_id, is_fa, tag, status) VALUES (283, '냥수디', 'Z', '7', 'F', 14, false, NULL, 'active');
INSERT INTO players (id, nickname, race, tier, gender, crew_id, is_fa, tag, status) VALUES (284, '자닌', 'Z', '7', 'F', 2, false, NULL, 'active');
INSERT INTO players (id, nickname, race, tier, gender, crew_id, is_fa, tag, status) VALUES (285, '먼진', 'Z', '7', 'F', 6, false, NULL, 'active');
INSERT INTO players (id, nickname, race, tier, gender, crew_id, is_fa, tag, status) VALUES (286, '키모야', 'Z', '7', 'F', 4, false, NULL, 'active');
INSERT INTO players (id, nickname, race, tier, gender, crew_id, is_fa, tag, status) VALUES (287, '핑핑', 'Z', '7', 'F', 11, false, NULL, 'active');
INSERT INTO players (id, nickname, race, tier, gender, crew_id, is_fa, tag, status) VALUES (288, '진니', 'Z', '7', 'F', 7, false, '승급임박', 'active');
INSERT INTO players (id, nickname, race, tier, gender, crew_id, is_fa, tag, status) VALUES (289, '햄찌야', 'Z', '7', 'F', NULL, true, NULL, 'active');
INSERT INTO players (id, nickname, race, tier, gender, crew_id, is_fa, tag, status) VALUES (290, '하루몽', 'Z', '7', 'F', NULL, false, NULL, 'active');
INSERT INTO players (id, nickname, race, tier, gender, crew_id, is_fa, tag, status) VALUES (291, '다뉴', 'Z', '7', 'F', 5, false, NULL, 'active');
INSERT INTO players (id, nickname, race, tier, gender, crew_id, is_fa, tag, status) VALUES (292, '퀸주', 'Z', '7', 'F', 12, false, '상승', 'active');
INSERT INTO players (id, nickname, race, tier, gender, crew_id, is_fa, tag, status) VALUES (293, '정서린', 'P', '7', 'F', 14, false, NULL, 'active');
INSERT INTO players (id, nickname, race, tier, gender, crew_id, is_fa, tag, status) VALUES (294, '막내현진', 'P', '7', 'F', 12, false, '승급임박', 'active');
INSERT INTO players (id, nickname, race, tier, gender, crew_id, is_fa, tag, status) VALUES (295, '효짱', 'P', '7', 'F', 9, false, NULL, 'active');
INSERT INTO players (id, nickname, race, tier, gender, crew_id, is_fa, tag, status) VALUES (296, '우마루대장', 'P', '7', 'F', NULL, false, NULL, 'active');
INSERT INTO players (id, nickname, race, tier, gender, crew_id, is_fa, tag, status) VALUES (297, '이주현', 'P', '7', 'F', NULL, false, NULL, 'active');
INSERT INTO players (id, nickname, race, tier, gender, crew_id, is_fa, tag, status) VALUES (298, '은서', 'P', '7', 'F', 10, false, NULL, 'active');
INSERT INTO players (id, nickname, race, tier, gender, crew_id, is_fa, tag, status) VALUES (299, '한쪼니', 'P', '7', 'F', NULL, false, NULL, 'active');
INSERT INTO players (id, nickname, race, tier, gender, crew_id, is_fa, tag, status) VALUES (300, '제티', 'P', '7', 'F', NULL, true, NULL, 'active');
INSERT INTO players (id, nickname, race, tier, gender, crew_id, is_fa, tag, status) VALUES (301, '흑설', 'P', '7', 'F', 7, false, NULL, 'active');
INSERT INTO players (id, nickname, race, tier, gender, crew_id, is_fa, tag, status) VALUES (302, '아리송이', 'P', '7', 'F', 5, false, '상승', 'active');
INSERT INTO players (id, nickname, race, tier, gender, crew_id, is_fa, tag, status) VALUES (303, '욱하는형', 'P', '7', 'F', 12, false, NULL, 'active');
INSERT INTO players (id, nickname, race, tier, gender, crew_id, is_fa, tag, status) VALUES (304, '이기광', 'P', '7', 'F', NULL, false, NULL, 'active');
INSERT INTO players (id, nickname, race, tier, gender, crew_id, is_fa, tag, status) VALUES (305, '제갈츄빈', 'T', '8', 'F', 1, false, NULL, 'active');
INSERT INTO players (id, nickname, race, tier, gender, crew_id, is_fa, tag, status) VALUES (306, '갱이다', 'T', '8', 'F', 1, false, NULL, 'active');
INSERT INTO players (id, nickname, race, tier, gender, crew_id, is_fa, tag, status) VALUES (307, '김세주', 'T', '8', 'F', 7, false, NULL, 'active');
INSERT INTO players (id, nickname, race, tier, gender, crew_id, is_fa, tag, status) VALUES (308, '단비송', 'T', '8', 'F', 14, false, NULL, 'active');
INSERT INTO players (id, nickname, race, tier, gender, crew_id, is_fa, tag, status) VALUES (309, '혜냥', 'P', '8', 'F', NULL, true, NULL, 'active');
INSERT INTO players (id, nickname, race, tier, gender, crew_id, is_fa, tag, status) VALUES (310, '지우리', 'T', '8', 'F', NULL, true, NULL, 'active');
INSERT INTO players (id, nickname, race, tier, gender, crew_id, is_fa, tag, status) VALUES (311, '돌애정', 'T', '8', 'F', 2, false, NULL, 'active');
INSERT INTO players (id, nickname, race, tier, gender, crew_id, is_fa, tag, status) VALUES (312, '밍또암', 'T', '8', 'F', 12, false, NULL, 'active');
INSERT INTO players (id, nickname, race, tier, gender, crew_id, is_fa, tag, status) VALUES (313, '허로아', 'T', '8', 'F', NULL, false, 'inactive', 'inactive');
INSERT INTO players (id, nickname, race, tier, gender, crew_id, is_fa, tag, status) VALUES (314, '여운', 'T', '8', 'F', NULL, false, 'inactive', 'inactive');
INSERT INTO players (id, nickname, race, tier, gender, crew_id, is_fa, tag, status) VALUES (315, '이지다', 'Z', '8', 'F', 9, false, NULL, 'active');
INSERT INTO players (id, nickname, race, tier, gender, crew_id, is_fa, tag, status) VALUES (316, '백원이야', 'Z', '8', 'F', 2, false, '승급임박', 'active');
INSERT INTO players (id, nickname, race, tier, gender, crew_id, is_fa, tag, status) VALUES (317, '냥냥코기', 'Z', '8', 'F', 12, false, NULL, 'active');
INSERT INTO players (id, nickname, race, tier, gender, crew_id, is_fa, tag, status) VALUES (318, '구쁜', 'Z', '8', 'F', NULL, false, NULL, 'active');
INSERT INTO players (id, nickname, race, tier, gender, crew_id, is_fa, tag, status) VALUES (319, '행복짱', 'Z', '8', 'F', 11, false, NULL, 'active');
INSERT INTO players (id, nickname, race, tier, gender, crew_id, is_fa, tag, status) VALUES (320, '다라츄', 'Z', '8', 'F', 13, false, NULL, 'active');
INSERT INTO players (id, nickname, race, tier, gender, crew_id, is_fa, tag, status) VALUES (321, '황단비', 'Z', '8', 'F', 4, false, NULL, 'active');
INSERT INTO players (id, nickname, race, tier, gender, crew_id, is_fa, tag, status) VALUES (322, '민트', 'Z', '8', 'F', NULL, true, NULL, 'active');
INSERT INTO players (id, nickname, race, tier, gender, crew_id, is_fa, tag, status) VALUES (323, '삼교', 'Z', '8', 'F', 8, false, NULL, 'active');
INSERT INTO players (id, nickname, race, tier, gender, crew_id, is_fa, tag, status) VALUES (324, '단이', 'Z', '8', 'F', 4, false, NULL, 'active');
INSERT INTO players (id, nickname, race, tier, gender, crew_id, is_fa, tag, status) VALUES (325, '연또', 'Z', '8', 'F', 5, false, '상승', 'active');
INSERT INTO players (id, nickname, race, tier, gender, crew_id, is_fa, tag, status) VALUES (326, '은조', 'Z', '8', 'F', 9, false, '상승', 'active');
INSERT INTO players (id, nickname, race, tier, gender, crew_id, is_fa, tag, status) VALUES (327, '병하', 'Z', '8', 'F', 3, false, NULL, 'active');
INSERT INTO players (id, nickname, race, tier, gender, crew_id, is_fa, tag, status) VALUES (328, '박퍼니', 'Z', '8', 'F', 10, false, NULL, 'active');
INSERT INTO players (id, nickname, race, tier, gender, crew_id, is_fa, tag, status) VALUES (329, '새밍', 'Z', '8', 'F', NULL, true, 'inactive', 'inactive');
INSERT INTO players (id, nickname, race, tier, gender, crew_id, is_fa, tag, status) VALUES (330, '맹꽁안나', 'Z', '8', 'F', NULL, true, NULL, 'active');
INSERT INTO players (id, nickname, race, tier, gender, crew_id, is_fa, tag, status) VALUES (331, '햇참새', 'P', '8', 'F', 7, false, '승급임박', 'active');
INSERT INTO players (id, nickname, race, tier, gender, crew_id, is_fa, tag, status) VALUES (332, '진땅콩', 'P', '8', 'F', 6, false, '승급임박', 'active');
INSERT INTO players (id, nickname, race, tier, gender, crew_id, is_fa, tag, status) VALUES (333, '아링', 'P', '8', 'F', 13, false, NULL, 'active');
INSERT INTO players (id, nickname, race, tier, gender, crew_id, is_fa, tag, status) VALUES (334, '다예나', 'P', '8', 'F', 14, false, NULL, 'active');
INSERT INTO players (id, nickname, race, tier, gender, crew_id, is_fa, tag, status) VALUES (335, '엄키키', 'P', '8', 'F', 3, false, NULL, 'active');
INSERT INTO players (id, nickname, race, tier, gender, crew_id, is_fa, tag, status) VALUES (336, '요시', 'P', '8', 'F', NULL, true, NULL, 'active');
INSERT INTO players (id, nickname, race, tier, gender, crew_id, is_fa, tag, status) VALUES (337, '구키', 'P', '8', 'F', 4, false, NULL, 'active');
INSERT INTO players (id, nickname, race, tier, gender, crew_id, is_fa, tag, status) VALUES (338, '히요코', 'P', '8', 'F', NULL, false, '승급임박', 'active');
INSERT INTO players (id, nickname, race, tier, gender, crew_id, is_fa, tag, status) VALUES (339, '비그리', 'P', '8', 'F', NULL, true, NULL, 'active');
INSERT INTO players (id, nickname, race, tier, gender, crew_id, is_fa, tag, status) VALUES (340, '이주리', 'P', '8', 'F', 8, false, NULL, 'active');
INSERT INTO players (id, nickname, race, tier, gender, crew_id, is_fa, tag, status) VALUES (341, '하이유', 'P', '8', 'F', NULL, true, NULL, 'active');
INSERT INTO players (id, nickname, race, tier, gender, crew_id, is_fa, tag, status) VALUES (342, '지아송', 'P', '8', 'F', 13, false, NULL, 'active');
INSERT INTO players (id, nickname, race, tier, gender, crew_id, is_fa, tag, status) VALUES (343, '혜요이', 'P', '8', 'F', 11, false, NULL, 'active');
INSERT INTO players (id, nickname, race, tier, gender, crew_id, is_fa, tag, status) VALUES (344, '뀨알', 'P', '8', 'F', 12, false, NULL, 'active');
INSERT INTO players (id, nickname, race, tier, gender, crew_id, is_fa, tag, status) VALUES (345, '모비', 'P', '8', 'F', 2, false, NULL, 'active');
INSERT INTO players (id, nickname, race, tier, gender, crew_id, is_fa, tag, status) VALUES (346, '먹체토', 'P', '8', 'F', 7, false, NULL, 'active');
INSERT INTO players (id, nickname, race, tier, gender, crew_id, is_fa, tag, status) VALUES (347, '예꾸', 'P', '8', 'F', NULL, false, NULL, 'active');
INSERT INTO players (id, nickname, race, tier, gender, crew_id, is_fa, tag, status) VALUES (348, '우질', 'P', '8', 'F', 12, false, '상승', 'active');
INSERT INTO players (id, nickname, race, tier, gender, crew_id, is_fa, tag, status) VALUES (349, '찡찡시아', 'P', '8', 'F', 13, false, '상승', 'active');
INSERT INTO players (id, nickname, race, tier, gender, crew_id, is_fa, tag, status) VALUES (350, '정연이', 'P', '8', 'F', 13, false, '상승', 'active');
INSERT INTO players (id, nickname, race, tier, gender, crew_id, is_fa, tag, status) VALUES (351, '마예준', 'P', '8', 'F', NULL, false, NULL, 'active');
INSERT INTO players (id, nickname, race, tier, gender, crew_id, is_fa, tag, status) VALUES (352, '와이퍼', 'P', '8', 'F', 4, false, NULL, 'active');
INSERT INTO players (id, nickname, race, tier, gender, crew_id, is_fa, tag, status) VALUES (353, '케이', 'P', '8', 'F', 14, false, NULL, 'active');
INSERT INTO players (id, nickname, race, tier, gender, crew_id, is_fa, tag, status) VALUES (354, '밤하밍', 'T', 'Baby', 'F', 5, false, 'new', 'active');
INSERT INTO players (id, nickname, race, tier, gender, crew_id, is_fa, tag, status) VALUES (355, '미진이', 'T', 'Baby', 'F', 2, false, 'new', 'active');
INSERT INTO players (id, nickname, race, tier, gender, crew_id, is_fa, tag, status) VALUES (356, '이응씨', 'T', 'Baby', 'F', 10, false, 'new', 'active');
INSERT INTO players (id, nickname, race, tier, gender, crew_id, is_fa, tag, status) VALUES (357, '오세은', 'T', 'Baby', 'F', 12, false, NULL, 'active');
INSERT INTO players (id, nickname, race, tier, gender, crew_id, is_fa, tag, status) VALUES (358, '유즈', 'Z', 'Baby', 'F', 12, false, 'new', 'active');
INSERT INTO players (id, nickname, race, tier, gender, crew_id, is_fa, tag, status) VALUES (359, '초이', 'Z', 'Baby', 'F', 10, false, NULL, 'active');
INSERT INTO players (id, nickname, race, tier, gender, crew_id, is_fa, tag, status) VALUES (360, '고요', 'Z', 'Baby', 'F', 10, false, NULL, 'active');
INSERT INTO players (id, nickname, race, tier, gender, crew_id, is_fa, tag, status) VALUES (361, '권아온', 'Z', 'Baby', 'F', 3, false, NULL, 'active');
INSERT INTO players (id, nickname, race, tier, gender, crew_id, is_fa, tag, status) VALUES (362, '박쮸이', 'Z', 'Baby', 'F', 6, false, NULL, 'active');
INSERT INTO players (id, nickname, race, tier, gender, crew_id, is_fa, tag, status) VALUES (363, '요정너구리', 'P', 'Baby', 'F', 3, false, 'new', 'active');
INSERT INTO players (id, nickname, race, tier, gender, crew_id, is_fa, tag, status) VALUES (364, '으니', 'P', 'Baby', 'F', 10, false, 'new', 'active');
INSERT INTO players (id, nickname, race, tier, gender, crew_id, is_fa, tag, status) VALUES (365, '멍라희', 'P', 'Baby', 'F', 8, false, NULL, 'active');
INSERT INTO players (id, nickname, race, tier, gender, crew_id, is_fa, tag, status) VALUES (366, '옥수수', 'P', 'Baby', 'F', 2, false, NULL, 'active');
INSERT INTO players (id, nickname, race, tier, gender, crew_id, is_fa, tag, status) VALUES (367, '유네', 'P', 'Baby', 'F', 7, false, NULL, 'active');
INSERT INTO players (id, nickname, race, tier, gender, crew_id, is_fa, tag, status) VALUES (368, '있찌', 'P', 'Baby', 'F', NULL, false, NULL, 'active');
INSERT INTO players (id, nickname, race, tier, gender, crew_id, is_fa, tag, status) VALUES (369, '햄희', 'Z', 'Baby', 'F', NULL, false, 'new', 'active');
INSERT INTO players (id, nickname, race, tier, gender, crew_id, is_fa, tag, status) VALUES (370, '밍둥이', 'P', 'Baby', 'F', NULL, true, 'new', 'active');
INSERT INTO players (id, nickname, race, tier, gender, crew_id, is_fa, tag, status) VALUES (371, '윤하랑', 'P', 'Baby', 'F', NULL, false, NULL, 'active');
INSERT INTO players (id, nickname, race, tier, gender, crew_id, is_fa, tag, status) VALUES (372, '짜미', 'P', 'Baby', 'F', NULL, true, NULL, 'active');
INSERT INTO players (id, nickname, race, tier, gender, crew_id, is_fa, tag, status) VALUES (373, '달그락영주', 'T', 'Joker', 'M', 1, false, NULL, 'active');
INSERT INTO players (id, nickname, race, tier, gender, crew_id, is_fa, tag, status) VALUES (374, '김유나', 'T', 'Baby', 'F', 1, false, NULL, 'active');
INSERT INTO players (id, nickname, race, tier, gender, crew_id, is_fa, tag, status) VALUES (375, '김초아', 'T', '2', 'F', 7, false, NULL, 'active');
INSERT INTO players (id, nickname, race, tier, gender, crew_id, is_fa, tag, status) VALUES (376, '이영숙', 'Z', 'Baby', 'F', 7, false, NULL, 'active');
INSERT INTO players (id, nickname, race, tier, gender, crew_id, is_fa, tag, status) VALUES (377, '사랑e', 'P', '3', 'F', 8, false, NULL, 'active');
INSERT INTO players (id, nickname, race, tier, gender, crew_id, is_fa, tag, status) VALUES (378, '맞쥐', 'Z', 'Baby', 'F', 8, false, NULL, 'active');
INSERT INTO players (id, nickname, race, tier, gender, crew_id, is_fa, tag, status) VALUES (379, '다잎', 'P', '3', 'F', 9, false, NULL, 'active');
INSERT INTO players (id, nickname, race, tier, gender, crew_id, is_fa, tag, status) VALUES (380, '허밍', 'Z', '6', 'F', 9, false, NULL, 'active');
INSERT INTO players (id, nickname, race, tier, gender, crew_id, is_fa, tag, status) VALUES (381, '단솔', 'T', 'Baby', 'F', 10, false, NULL, 'active');

-- ─── Tournaments ───
INSERT INTO tournaments (id, name, year, winner_crew_id, status) VALUES (1, '스케스 대학대전', 2021, 15, 'completed');
INSERT INTO tournaments (id, name, year, winner_crew_id, status) VALUES (2, '조용히사라배 대학대전 시즌1', 2022, 16, 'completed');
INSERT INTO tournaments (id, name, year, winner_crew_id, status) VALUES (3, '떡참배 대학대전', 2022, 17, 'completed');
INSERT INTO tournaments (id, name, year, winner_crew_id, status) VALUES (4, '조용히사라배 대학대전 시즌2', 2022, 18, 'completed');
INSERT INTO tournaments (id, name, year, winner_crew_id, status) VALUES (5, '시조새배 좋소파리그', 2022, 19, 'completed');
INSERT INTO tournaments (id, name, year, winner_crew_id, status) VALUES (6, '철감봉남배 대학대전', 2022, 16, 'completed');
INSERT INTO tournaments (id, name, year, winner_crew_id, status) VALUES (7, '핫식스배 스타멸망전 동아리 대전', 2023, 20, 'completed');
INSERT INTO tournaments (id, name, year, winner_crew_id, status) VALUES (8, '철구 풀발 373배 스타대전', 2023, 2, 'completed');
INSERT INTO tournaments (id, name, year, winner_crew_id, status) VALUES (9, '핫식스배 스타멸망전', 2023, 2, 'completed');
INSERT INTO tournaments (id, name, year, winner_crew_id, status) VALUES (10, '시조새 큐센배 JPL 시즌1', 2024, 21, 'completed');
INSERT INTO tournaments (id, name, year, winner_crew_id, status) VALUES (11, '철구 씨나인배 대학리그', 2024, 22, 'completed');
INSERT INTO tournaments (id, name, year, winner_crew_id, status) VALUES (12, '철구 라네트배 대학리그', 2024, 6, 'completed');
INSERT INTO tournaments (id, name, year, winner_crew_id, status) VALUES (13, '시조새배 JPL 시즌2', 2025, 14, 'completed');
INSERT INTO tournaments (id, name, year, winner_crew_id, status) VALUES (14, '철구/김인호 SOOP 스타대학리그', 2025, 14, 'completed');
INSERT INTO tournaments (id, name, year, winner_crew_id, status) VALUES (15, '박퍼니 정선숲퍼컵', 2026, NULL, 'ongoing');

-- ─── Tier Version ───
INSERT INTO tier_versions (version, released_at, notes) VALUES ('3.53', '2026-01-31', NULL);

COMMIT;
